<?xml version="1.0" encoding="UTF-8"?>
<project-private xmlns="http://www.netbeans.org/ns/project-private/1">
    <editor-bookmarks xmlns="http://www.netbeans.org/ns/editor-bookmarks/2" lastBookmarkId="1">
        <file>
            <url>src/system/FormManager.java</url>
            <bookmark id="1">
                <name/>
                <line>27</line>
                <key/>
            </bookmark>
        </file>
    </editor-bookmarks>
    <open-files xmlns="http://www.netbeans.org/ns/projectui-open-files/2">
        <group>
            <file>file:/Users/bumh3r/Documents/GitHub/Dulceria-Proyect/DulceriaApp/src/form/panels/PanelInfoProducto.java</file>
            <file>file:/Users/bumh3r/Documents/GitHub/Dulceria-Proyect/DulceriaApp/src/utils/ConfigModal.java</file>
            <file>file:/Users/bumh3r/Documents/GitHub/Dulceria-Proyect/DulceriaApp/src/form/FormProducts.java</file>
        </group>
    </open-files>
</project-private>
